{
  "project_info": {
    "project_number": "1057650183869",
    "firebase_url": "https://accounts-77083-default-rtdb.firebaseio.com",
    "project_id": "accounts-77083",
    "storage_bucket": "accounts-77083.appspot.com"
  },
  "client": [
    {
      "client_info": {
        "mobilesdk_app_id": "1:1057650183869:android:7d4334dd7c28141afd31d4",
        "android_client_info": {
          "package_name": "com.smart.account_book"
        }
      },
      "oauth_client": [
        {
          "client_id": "1057650183869-ls2d0ttdl276ucq1usvg2okcikparrl2.apps.googleusercontent.com",
          "client_type": 1,
          "android_info": {
            "package_name": "com.smart.account_book",
            "certificate_hash": "6b5c23fca9626bc28b83d554292ef91a73ff9269"
          }
        },
        {
          "client_id": "1057650183869-qctukg375q0c8e3nar7ienebd7vqna0n.apps.googleusercontent.com",
          "client_type": 1,
          "android_info": {
            "package_name": "com.smart.account_book",
            "certificate_hash": "b5db7c0c36a50293a08f234e3d1f7ef2d9caf071"
          }
        },
        {
          "client_id": "1057650183869-28173me1ehbfhb2duchqnsm0kcca7kmf.apps.googleusercontent.com",
          "client_type": 3
        }
      ],
      "api_key": [
        {
          "current_key": "AIzaSyDvZLQLvZ64bq6NCi7ZrxgOlcnK16sOJXQ"
        }
      ],
      "services": {
        "appinvite_service": {
          "other_platform_oauth_client": [
            {
              "client_id": "1057650183869-28173me1ehbfhb2duchqnsm0kcca7kmf.apps.googleusercontent.com",
              "client_type": 3
            }
          ]
        }
      }
    }
  ],
  "configuration_version": "1"
}