{
  "project_info": {
    "project_number": "779387315157",
    "firebase_url": "https://prandsyemen.firebaseio.com",
    "project_id": "prandsyemen",
    "storage_bucket": "prandsyemen.appspot.com"
  },
  "client": [
    {
      "client_info": {
        "mobilesdk_app_id": "1:779387315157:android:777fdd33a7f5add9de935c",
        "android_client_info": {
          "package_name": "com.contact.kuwait"
        }
      },
      "oauth_client": [
        {
          "client_id": "779387315157-ua209tqpnlvgad91ae79d4mrukb4gc30.apps.googleusercontent.com",
          "client_type": 1,
          "android_info": {
            "package_name": "com.contact.kuwait",
            "certificate_hash": "6b5c23fca9626bc28b83d554292ef91a73ff9269"
          }
        },
        {
          "client_id": "779387315157-7u5m7pk7harvc63mtv4huoi6u8qfot42.apps.googleusercontent.com",
          "client_type": 3
        }
      ],
      "api_key": [
        {
          "current_key": "AIzaSyBYGDK9Nqdzs1MeO9eFrEGOhzGogIEQHak"
        }
      ],
      "services": {
        "appinvite_service": {
          "other_platform_oauth_client": [
            {
              "client_id": "779387315157-7u5m7pk7harvc63mtv4huoi6u8qfot42.apps.googleusercontent.com",
              "client_type": 3
            }
          ]
        }
      }
    },
    {
      "client_info": {
        "mobilesdk_app_id": "1:779387315157:android:aade035d880ebe27de935c",
        "android_client_info": {
          "package_name": "com.smart.algerians"
        }
      },
      "oauth_client": [
        {
          "client_id": "779387315157-43np5996ffbiug26o3vni3rti5fe4lof.apps.googleusercontent.com",
          "client_type": 1,
          "android_info": {
            "package_name": "com.smart.algerians",
            "certificate_hash": "6b5c23fca9626bc28b83d554292ef91a73ff9269"
          }
        },
        {
          "client_id": "779387315157-7u5m7pk7harvc63mtv4huoi6u8qfot42.apps.googleusercontent.com",
          "client_type": 3
        }
      ],
      "api_key": [
        {
          "current_key": "AIzaSyBYGDK9Nqdzs1MeO9eFrEGOhzGogIEQHak"
        }
      ],
      "services": {
        "appinvite_service": {
          "other_platform_oauth_client": [
            {
              "client_id": "779387315157-7u5m7pk7harvc63mtv4huoi6u8qfot42.apps.googleusercontent.com",
              "client_type": 3
            }
          ]
        }
      }
    },
    {
      "client_info": {
        "mobilesdk_app_id": "1:779387315157:android:7b52ac7187c020a8de935c",
        "android_client_info": {
          "package_name": "com.smart.contact_egypt"
        }
      },
      "oauth_client": [
        {
          "client_id": "779387315157-ko31p2f1scl3ivef3vf6i4hinnv24s8l.apps.googleusercontent.com",
          "client_type": 1,
          "android_info": {
            "package_name": "com.smart.contact_egypt",
            "certificate_hash": "6b5c23fca9626bc28b83d554292ef91a73ff9269"
          }
        },
        {
          "client_id": "779387315157-7u5m7pk7harvc63mtv4huoi6u8qfot42.apps.googleusercontent.com",
          "client_type": 3
        }
      ],
      "api_key": [
        {
          "current_key": "AIzaSyBYGDK9Nqdzs1MeO9eFrEGOhzGogIEQHak"
        }
      ],
      "services": {
        "appinvite_service": {
          "other_platform_oauth_client": [
            {
              "client_id": "779387315157-7u5m7pk7harvc63mtv4huoi6u8qfot42.apps.googleusercontent.com",
              "client_type": 3
            }
          ]
        }
      }
    },
    {
      "client_info": {
        "mobilesdk_app_id": "1:779387315157:android:48154139009754f0de935c",
        "android_client_info": {
          "package_name": "com.smart.emarat"
        }
      },
      "oauth_client": [
        {
          "client_id": "779387315157-59epippe64l895hvfnean4ccqg1a23pg.apps.googleusercontent.com",
          "client_type": 1,
          "android_info": {
            "package_name": "com.smart.emarat",
            "certificate_hash": "6b5c23fca9626bc28b83d554292ef91a73ff9269"
          }
        },
        {
          "client_id": "779387315157-7u5m7pk7harvc63mtv4huoi6u8qfot42.apps.googleusercontent.com",
          "client_type": 3
        }
      ],
      "api_key": [
        {
          "current_key": "AIzaSyBYGDK9Nqdzs1MeO9eFrEGOhzGogIEQHak"
        }
      ],
      "services": {
        "appinvite_service": {
          "other_platform_oauth_client": [
            {
              "client_id": "779387315157-7u5m7pk7harvc63mtv4huoi6u8qfot42.apps.googleusercontent.com",
              "client_type": 3
            }
          ]
        }
      }
    },
    {
      "client_info": {
        "mobilesdk_app_id": "1:779387315157:android:13409aa6c153ad7ade935c",
        "android_client_info": {
          "package_name": "com.smart.hamasat_aped"
        }
      },
      "oauth_client": [
        {
          "client_id": "779387315157-k0ohirlabcjbis21c4isomg1c23rt72v.apps.googleusercontent.com",
          "client_type": 1,
          "android_info": {
            "package_name": "com.smart.hamasat_aped",
            "certificate_hash": "6b5c23fca9626bc28b83d554292ef91a73ff9269"
          }
        },
        {
          "client_id": "779387315157-7u5m7pk7harvc63mtv4huoi6u8qfot42.apps.googleusercontent.com",
          "client_type": 3
        }
      ],
      "api_key": [
        {
          "current_key": "AIzaSyBYGDK9Nqdzs1MeO9eFrEGOhzGogIEQHak"
        }
      ],
      "services": {
        "appinvite_service": {
          "other_platform_oauth_client": [
            {
              "client_id": "779387315157-7u5m7pk7harvc63mtv4huoi6u8qfot42.apps.googleusercontent.com",
              "client_type": 3
            }
          ]
        }
      }
    },
    {
      "client_info": {
        "mobilesdk_app_id": "1:779387315157:android:e842d2c8fa86ac52de935c",
        "android_client_info": {
          "package_name": "com.smart.relief_donation"
        }
      },
      "oauth_client": [
        {
          "client_id": "779387315157-nd5b2sn3kbnp0h9fs9q2ip5qhmafvgnb.apps.googleusercontent.com",
          "client_type": 1,
          "android_info": {
            "package_name": "com.smart.relief_donation",
            "certificate_hash": "6b5c23fca9626bc28b83d554292ef91a73ff9269"
          }
        },
        {
          "client_id": "779387315157-7u5m7pk7harvc63mtv4huoi6u8qfot42.apps.googleusercontent.com",
          "client_type": 3
        }
      ],
      "api_key": [
        {
          "current_key": "AIzaSyBYGDK9Nqdzs1MeO9eFrEGOhzGogIEQHak"
        }
      ],
      "services": {
        "appinvite_service": {
          "other_platform_oauth_client": [
            {
              "client_id": "779387315157-7u5m7pk7harvc63mtv4huoi6u8qfot42.apps.googleusercontent.com",
              "client_type": 3
            }
          ]
        }
      }
    },
    {
      "client_info": {
        "mobilesdk_app_id": "1:779387315157:android:f2a8f26a7d2809e7de935c",
        "android_client_info": {
          "package_name": "com.smartweb.grocery_admin"
        }
      },
      "oauth_client": [
        {
          "client_id": "779387315157-p488bur8na2ujnmhv17qkgb9eep89nvj.apps.googleusercontent.com",
          "client_type": 1,
          "android_info": {
            "package_name": "com.smartweb.grocery_admin",
            "certificate_hash": "6b5c23fca9626bc28b83d554292ef91a73ff9269"
          }
        },
        {
          "client_id": "779387315157-7u5m7pk7harvc63mtv4huoi6u8qfot42.apps.googleusercontent.com",
          "client_type": 3
        }
      ],
      "api_key": [
        {
          "current_key": "AIzaSyBYGDK9Nqdzs1MeO9eFrEGOhzGogIEQHak"
        }
      ],
      "services": {
        "appinvite_service": {
          "other_platform_oauth_client": [
            {
              "client_id": "779387315157-7u5m7pk7harvc63mtv4huoi6u8qfot42.apps.googleusercontent.com",
              "client_type": 3
            }
          ]
        }
      }
    },
    {
      "client_info": {
        "mobilesdk_app_id": "1:779387315157:android:6fa6c8215c9280fade935c",
        "android_client_info": {
          "package_name": "com.smartweb.prandsyemen"
        }
      },
      "oauth_client": [
        {
          "client_id": "779387315157-7u5m7pk7harvc63mtv4huoi6u8qfot42.apps.googleusercontent.com",
          "client_type": 3
        }
      ],
      "api_key": [
        {
          "current_key": "AIzaSyBYGDK9Nqdzs1MeO9eFrEGOhzGogIEQHak"
        }
      ],
      "services": {
        "appinvite_service": {
          "other_platform_oauth_client": [
            {
              "client_id": "779387315157-7u5m7pk7harvc63mtv4huoi6u8qfot42.apps.googleusercontent.com",
              "client_type": 3
            }
          ]
        }
      }
    },
    {
      "client_info": {
        "mobilesdk_app_id": "1:779387315157:android:6a797317234d5c10de935c",
        "android_client_info": {
          "package_name": "com.yemen.togar"
        }
      },
      "oauth_client": [
        {
          "client_id": "779387315157-rliaabj185ngn427t3c1mmb6ikdnvvul.apps.googleusercontent.com",
          "client_type": 1,
          "android_info": {
            "package_name": "com.yemen.togar",
            "certificate_hash": "6b5c23fca9626bc28b83d554292ef91a73ff9269"
          }
        },
        {
          "client_id": "779387315157-7u5m7pk7harvc63mtv4huoi6u8qfot42.apps.googleusercontent.com",
          "client_type": 3
        }
      ],
      "api_key": [
        {
          "current_key": "AIzaSyBYGDK9Nqdzs1MeO9eFrEGOhzGogIEQHak"
        }
      ],
      "services": {
        "appinvite_service": {
          "other_platform_oauth_client": [
            {
              "client_id": "779387315157-7u5m7pk7harvc63mtv4huoi6u8qfot42.apps.googleusercontent.com",
              "client_type": 3
            }
          ]
        }
      }
    },
    {
      "client_info": {
        "mobilesdk_app_id": "1:779387315157:android:f394fc87a4c0897ede935c",
        "android_client_info": {
          "package_name": "com.yemen.whatsapp"
        }
      },
      "oauth_client": [
        {
          "client_id": "779387315157-9udciju07v61mi2n8hmgtp0qar5083nc.apps.googleusercontent.com",
          "client_type": 1,
          "android_info": {
            "package_name": "com.yemen.whatsapp",
            "certificate_hash": "d1533302c4cafb9f5a8b9e9931508669dc431e48"
          }
        },
        {
          "client_id": "779387315157-sn92jpcbfm2d1nfjp78lgquf799g9s3j.apps.googleusercontent.com",
          "client_type": 1,
          "android_info": {
            "package_name": "com.yemen.whatsapp",
            "certificate_hash": "6b5c23fca9626bc28b83d554292ef91a73ff9269"
          }
        },
        {
          "client_id": "779387315157-7u5m7pk7harvc63mtv4huoi6u8qfot42.apps.googleusercontent.com",
          "client_type": 3
        }
      ],
      "api_key": [
        {
          "current_key": "AIzaSyBYGDK9Nqdzs1MeO9eFrEGOhzGogIEQHak"
        }
      ],
      "services": {
        "appinvite_service": {
          "other_platform_oauth_client": [
            {
              "client_id": "779387315157-7u5m7pk7harvc63mtv4huoi6u8qfot42.apps.googleusercontent.com",
              "client_type": 3
            }
          ]
        }
      }
    }
  ],
  "configuration_version": "1"
}