{
  "project_info": {
    "project_number": "684447741332",
    "firebase_url": "https://yemensooq.firebaseio.com",
    "project_id": "yemensooq",
    "storage_bucket": "yemensooq.appspot.com"
  },
  "client": [
    {
      "client_info": {
        "mobilesdk_app_id": "1:684447741332:android:34944dac924024b76b0b81",
        "android_client_info": {
          "package_name": "com.micro.pos.accountant"
        }
      },
      "oauth_client": [
        {
          "client_id": "684447741332-evqs4hmrpo3gfoavds1us7j2tlgrl41l.apps.googleusercontent.com",
          "client_type": 1,
          "android_info": {
            "package_name": "com.micro.pos.accountant",
            "certificate_hash": "6b5c23fca9626bc28b83d554292ef91a73ff9269"
          }
        },
        {
          "client_id": "684447741332-hr5brrvice21kv2e2obk4nc4msbl726c.apps.googleusercontent.com",
          "client_type": 3
        }
      ],
      "api_key": [
        {
          "current_key": "AIzaSyDNnkjqVmZSHHENJtMQGTUvQ2DMmOKlzls"
        }
      ],
      "services": {
        "appinvite_service": {
          "other_platform_oauth_client": [
            {
              "client_id": "684447741332-afsgm7dv8udr6vms165290ih2furr7jp.apps.googleusercontent.com",
              "client_type": 3
            }
          ]
        }
      }
    },
    {
      "client_info": {
        "mobilesdk_app_id": "1:684447741332:android:153cff68365e5e7f6b0b81",
        "android_client_info": {
          "package_name": "com.smartweb.realestate_manager"
        }
      },
      "oauth_client": [
        {
          "client_id": "684447741332-h6pbhui8h4bfaianugt0j588lqvodh1v.apps.googleusercontent.com",
          "client_type": 1,
          "android_info": {
            "package_name": "com.smartweb.realestate_manager",
            "certificate_hash": "6b5c23fca9626bc28b83d554292ef91a73ff9269"
          }
        },
        {
          "client_id": "684447741332-hr5brrvice21kv2e2obk4nc4msbl726c.apps.googleusercontent.com",
          "client_type": 3
        }
      ],
      "api_key": [
        {
          "current_key": "AIzaSyDNnkjqVmZSHHENJtMQGTUvQ2DMmOKlzls"
        }
      ],
      "services": {
        "appinvite_service": {
          "other_platform_oauth_client": [
            {
              "client_id": "684447741332-afsgm7dv8udr6vms165290ih2furr7jp.apps.googleusercontent.com",
              "client_type": 3
            }
          ]
        }
      }
    },
    {
      "client_info": {
        "mobilesdk_app_id": "1:684447741332:android:1e982097cbb454d46b0b81",
        "android_client_info": {
          "package_name": "com.smartweb.realestate_user"
        }
      },
      "oauth_client": [
        {
          "client_id": "684447741332-j8d5uq42fh80f479eejrqpqc418m33ra.apps.googleusercontent.com",
          "client_type": 1,
          "android_info": {
            "package_name": "com.smartweb.realestate_user",
            "certificate_hash": "6b5c23fca9626bc28b83d554292ef91a73ff9269"
          }
        },
        {
          "client_id": "684447741332-hr5brrvice21kv2e2obk4nc4msbl726c.apps.googleusercontent.com",
          "client_type": 3
        }
      ],
      "api_key": [
        {
          "current_key": "AIzaSyDNnkjqVmZSHHENJtMQGTUvQ2DMmOKlzls"
        }
      ],
      "services": {
        "appinvite_service": {
          "other_platform_oauth_client": [
            {
              "client_id": "684447741332-afsgm7dv8udr6vms165290ih2furr7jp.apps.googleusercontent.com",
              "client_type": 3
            }
          ]
        }
      }
    },
    {
      "client_info": {
        "mobilesdk_app_id": "1:684447741332:android:aa40effdf3e4bbf46b0b81",
        "android_client_info": {
          "package_name": "com.smartweb.smart_web_website"
        }
      },
      "oauth_client": [
        {
          "client_id": "684447741332-2f0ornf0ee8e9gd71ubgu1vuajve1ikd.apps.googleusercontent.com",
          "client_type": 1,
          "android_info": {
            "package_name": "com.smartweb.smart_web_website",
            "certificate_hash": "6b5c23fca9626bc28b83d554292ef91a73ff9269"
          }
        },
        {
          "client_id": "684447741332-hr5brrvice21kv2e2obk4nc4msbl726c.apps.googleusercontent.com",
          "client_type": 3
        }
      ],
      "api_key": [
        {
          "current_key": "AIzaSyDNnkjqVmZSHHENJtMQGTUvQ2DMmOKlzls"
        }
      ],
      "services": {
        "appinvite_service": {
          "other_platform_oauth_client": [
            {
              "client_id": "684447741332-afsgm7dv8udr6vms165290ih2furr7jp.apps.googleusercontent.com",
              "client_type": 3
            }
          ]
        }
      }
    },
    {
      "client_info": {
        "mobilesdk_app_id": "1:684447741332:android:b4a01136088fb925",
        "android_client_info": {
          "package_name": "com.smartweb.yemensooq"
        }
      },
      "oauth_client": [
        {
          "client_id": "684447741332-b9va77rpq55p19h34kku0caj1d0l6ltd.apps.googleusercontent.com",
          "client_type": 1,
          "android_info": {
            "package_name": "com.smartweb.yemensooq",
            "certificate_hash": "fddf3a4eb297a1f9da6172cdc3dd661dc78bf210"
          }
        },
        {
          "client_id": "684447741332-hr5brrvice21kv2e2obk4nc4msbl726c.apps.googleusercontent.com",
          "client_type": 3
        }
      ],
      "api_key": [
        {
          "current_key": "AIzaSyDNnkjqVmZSHHENJtMQGTUvQ2DMmOKlzls"
        }
      ],
      "services": {
        "appinvite_service": {
          "other_platform_oauth_client": [
            {
              "client_id": "684447741332-afsgm7dv8udr6vms165290ih2furr7jp.apps.googleusercontent.com",
              "client_type": 3
            }
          ]
        }
      }
    },
    {
      "client_info": {
        "mobilesdk_app_id": "1:684447741332:android:7accc1c6c0675e326b0b81",
        "android_client_info": {
          "package_name": "com.yemen.aqar"
        }
      },
      "oauth_client": [
        {
          "client_id": "684447741332-l6menc0l8pgldk8lbc6elihok8j0oras.apps.googleusercontent.com",
          "client_type": 1,
          "android_info": {
            "package_name": "com.yemen.aqar",
            "certificate_hash": "6b5c23fca9626bc28b83d554292ef91a73ff9269"
          }
        },
        {
          "client_id": "684447741332-hr5brrvice21kv2e2obk4nc4msbl726c.apps.googleusercontent.com",
          "client_type": 3
        }
      ],
      "api_key": [
        {
          "current_key": "AIzaSyDNnkjqVmZSHHENJtMQGTUvQ2DMmOKlzls"
        }
      ],
      "services": {
        "appinvite_service": {
          "other_platform_oauth_client": [
            {
              "client_id": "684447741332-afsgm7dv8udr6vms165290ih2furr7jp.apps.googleusercontent.com",
              "client_type": 3
            }
          ]
        }
      }
    }
  ],
  "configuration_version": "1"
}